latin = {

	frankokratian = {
		graphical_cultures = { frankishgfx byzantinegfx outremergfx }
		
		color = { 0.4 0.8 0.1 }
		used_for_random = no

		male_names = {
		Adrianos_Adrian Akakios_Acacius Alexandros_Alexander Alexios_Alexis Anastasios_Anastasius Anatolios Andreas_Andrew Andronikos_Andronicus Anthemios Anthimos Antiochos Antonios_Antonius Apollonios Arsenios Artemios Athanasios_Athanasius Bardas
		Bartholomaios_Bartolomeus Basileios_Basil Belisarios_Belisarius Boethios Bosporios Christophoros_Christopher Chrysanthos Chrysogonos Damianos_Damian Daniel_Daniel David_David Demetrios_Demetrius Diogenes Dionysios_Dionysus Dorotheos Eirenaios Eudoxios Eustratios
		Eugenios_Eugene Euphemios Eusebios_Eusebius Eustathios_Eustace Evangelos Gabriel_Gabriel Gennadios_Gennadius Georgios_George Gerasimos Germanos_Germanus Gregoras_Gregory Gregorios_Gregory Hektorios_Hector Helias_Elijah Herakleios_Heracles Hierotheos Himerios
		Hippolytos_Hippolytus Hypatios Iakobos_Jacob Ignatios_Ignatius Innokentios_Innocent Ioannes_John Ioannikios Iordanes_Jordan Ioseph_Joseph Isaakios_Isaac Isaias_Isaiah Isidoros_Isidoros Ioulianos_Julian Ioustinianos_Justinian Ioustinos_Justin Kaisarios_Caesar
		Kallinikos Kallistos_Callistus Komitas Konstantinos_Constantine Konstantios_Constantius Konstas_Constans Kosmas_Cosmas Kyriakos_Cyriacus Kyrillos_Cyril Kyros Laurentios_Laurence Lazaros_Lazarus Leon_Leo Leontios_Leontius Loukas_Luke Makarios Manuel Markos_Marcus
		Matthaios_Matthew Maurikios_Maurice Maximos_Maximus Megistos_Magnus Meletios Methodios Michael_Michael Narses Neophytos Nikephoros_Nikephoros Niketas Nikodemos Nikolaos_Nicholas Niphon Orestes Pamphilios Pankratios_Pancras Pantoleon Paschalis_Pascal
		Pavlos_Paul Pelagios_Pelagius Petros_Peter Philaretos Philippos_Philip Philotheos Phokas Photios Polykarpos Porphyrios Prokopios_Procopius Pyrros Raphail_Raphael Romanos_Roman Sabas Samuel_Samuel Serapion_Seraphin Sebastianos_Sebastian Sergios_Sergius Stephanos_Stephen
		Staurakios Symeon_Simon Symmachos_Symmachus Theocharistos Theodoros_Theodore Theodosios_Theodosios Theodotos_Theodat Theodoulos Theoktistos Theophanes Theophilos Theophylaktos Thomas_Thomas Tiberios_Tiberius Traianos_Trajan
		Timotheos_Timothy Tryphon Valerios_Valerius Zacharias_Zachary Zenobios Zenon
		Edouard_Edward Errard Etienne_Stephen Adalbert_Albert Ademar_Ademar Adrien_Adrian Aimery_Aymeric Alain_Alan Aldebert_Albert Aldéric Alphonse_Alphonse Amaury_Amalric
		Amedee Ancel Andre_Andrew Angelbert Antoine_Antonius Archambaud_Archibald Arnaud_Arnold Arnault_Arnold Arnoul_Arnulf Aubry Aymar Barthelemi_Bartolomeus
		Baudouin_Baldwin Benoit_Benedict Berenger_Berengar Bernard_Bernard Bertrand_Bertrand Bohemond Boson_Boson Bouchard_Bouchard Centule_Centule Charles_Charles
		Clotaire_Lothair Ebbon Enguerrand Eudes_Otto Eustache_Eustace Evrard Foulques_Folke François_Francis Frédéric_Frederick Géraud_Gerald Gargamel Gaucher Gaucelin_Joscelin
		Gauthier_Walter Geoffroy_Godfrey Géraud_Gerard Gelduin Gilbert_Gilbert Gilles_Egidius Godefroy_Godfrey Guichard Guiges Guilhem_William Guillaume_William
		Guy_Guy Hélie Hamelin Henri_Henry Herbert_Herbert Hildebert Hugues_Hugh Humbert_Humbert Jacques_Jacob Jaufré_Godfrey Jaspert Jean_John Josselin_Joscelin
		Jourdain_Jordan Julien_Julian Leon Leonard Lothaire_Lothair Louis_Louis Loup_Lupo Manasses_Manasseh Mathieu_Matthew Maurice_Maurice Nicolas_Nicholas Ogier Onfroy Orson_Ursus Othon_Otto
		Payen_Pagan Philippe_Philip Pierre_Peter Raimbaut Raoul_Ralph Raymond_Raymond Raynaud_Reinhold Renaud_Reinhold Richard_Richard Robert_Robert Robin Roger_Roger
		Rorgon Rorgues Roubaud Savary Sigismond_Sigmund Simon_Simon Thibault_Theobald Thiebaut_Theobald Thierry_Thierry Thomas_Thomas Valeran Yves
		}
		female_names = {
	    Eleonore_Eleanor Elodie Etiennette Adele_Adela Adalmode_Almodis Adelaide_Adelaide Adelinde_Adelinde Agathe_Agatha Agnes_Agnes Alearde Alice_Alice Alienor_Eleanor
		Alix_Alice Almodis_Almodis Amelie_Amelia Anne_Anna Antoinette Arsinde_Arsenda Aude Aurengarde Beatrice_Beatrice Beatrix_Beatrice Belleassez Benoite_Benedicta Berengere
		Berthe_Bertha Blanche_Blanche Bonne_Bonne Bourgogne Bourguigne Cecile_Cecilia Catherine_Catherine Charlotte Constance_Constance Denise_Denise Douce_Douce Echive Eglantine
		Elisabeth_Elizabeth Emma_Emma Ermengarde_Ermengarde Ermessinde_Ermesinda Esclarmonde_Esclarmunda Euphrosine_Euphrosyne Eustachie Eve_Eva Gerberge_Gerberga
		Gisèle_Gisela Guillaumette_Williamette Héloise_Eloise Helvis Hodierne Ide_Ida Ida_Ida Ildégarde_Hildegard Isabeau_Elizabeth Isabelle_Elizabeth Jeanne_Joan Judith_Judith
		Julienne_Juliana Mafalda Mahaut_Matilda Margot Marguerite_Margaret Marie_Maria Marthe_Martha Mascarose_Mascarosa Mathilde_Matilda Mélisande_Melisende
		Mélisende_Melisende Melusine Peronelle_Peronella Pernelle_Peronella Perinne Pernette Plaisance_Plaisance Raymonde Sarrazine Solene Sophie_Sophia
		Stephanie_Stephania Sybille_Sibylla Tiburge_Tiburge Valence_Yolanda Yolande_Yolanda
		Adriane_Adriana Agathe_Agatha Agne_Agnes Aikaterine_Catherine Alexandra_Alexandra Alexeia_Alexia Anastasia_Anastasia Anna_Anna Anthe Anthousa Antipatra Antonia_Antonia Apollonia Athanasia Barbara_Barbara Basillike
		Chrysogone Damiane Demetra Dionysia Dorothea_Dorothy Aigidia Eirene_Irene Elaiodora Epiphania Eudokia_Eudocia Eudoxia_Eudocia Eugenia_Eugenia Eulalia Eunike Euphemia_Euphemia Euphrasia Euphrosyne_Euphrosyne
		Eupraxia Eusebia Eustathia Evanthia Gabrielia Garyphallia Georgia_Georgia Gregoria Helene_Helen Hypatia Ioanna_Joan Ioulia_Julia Iouliana_Juliana Ioustina_Justina Kale Konstantia_Constantia Konstantine_Constantina Kyra Kyriake_Kyriake
		Leontia Margarita_Margaret Maria_Maria Markia_Marcia Martha_Martha Melissa_Melisende Nikarete Nikoletta Nonna Parthena Pavlina_Paulina Pelagia Petronia_Petronia Philippa_Philippa Phyllis Pulcheria_Pulcheria Rhodanthe Romane Romylia Sergia_Sergia Sibylla_Sibylla
		Simonis Sophia_Sophia Stephania_Stephania Thekla Theochariste Theodora_Theodora Theodosia_Theodosia Theognosia Theoktiste Theophano Thomais Valeria_Valeria Viviana_Viviana Xene Zenobia Zoe
		}
		
		parent = frankish
		parent = greek
		baron_titles_hidden = yes
		count_titles_hidden = yes
		from_dynasty_prefix = "de "
		grammar_transform = french
		disinherit_from_blinding = yes
		modifier = default_culture_modifier
	}
	
	latinokratian = {
		graphical_cultures = { dalmatiangfx italiangfx byzantinegfx }
		
		color = { 0.6 0.8 0.8 }
		used_for_random = no

		male_names = {
			Andre_Andrew Andreas_Andrew Bisti Blaxius Calenda Clime Comes
			Domagna_Dominik Gaucoli Gauzoli Gervasius Giuco Give
			Jugno_Junius Juliano_Julius Junius_Junius Laurenzo_Laurence Leonardus_Leonard Loncho Lucarus_Luke
			Mare_Marcus Marco_Marcus Maroe_Marinus Marinus_Marinus Matheus_Matthew Michael_Michael Nale_Cornelius Nichiforus_Nikephoros Nicola_Nicholas
			Pascalis_Pascal Pasqualis_Pascal Petragna_Peter Petrus_Peter Piero_Peter Perue_Peter Rassinus Rusco
			Stane_Stanislav Thoma_Thomas Tuone_Antonius Vallius Vita
			Adrianos_Adrian Akakios_Acacius Alexandros_Alexander Alexios_Alexis Anastasios_Anastasius Anatolios Andreas_Andrew Andronikos_Andronicus Anthemios Anthimos Antiochos Antonios_Antonius Apollonios Arsenios Artemios Athanasios_Athanasius Bardas
			Bartholomaios_Bartolomeus Basileios_Basil Belisarios_Belisarius Boethios Bosporios Christophoros_Christopher Chrysanthos Chrysogonos Damianos_Damian Daniel_Daniel David_David Demetrios_Demetrius Diogenes Dionysios_Dionysus Dorotheos Eirenaios Eudoxios Eustratios
			Eugenios_Eugene Euphemios Eusebios_Eusebius Eustathios_Eustace Evangelos Gabriel_Gabriel Gennadios_Gennadius Georgios_George Gerasimos Germanos_Germanus Gregoras_Gregory Gregorios_Gregory Hektorios_Hector Helias_Elijah Herakleios_Heracles Hierotheos Himerios
			Hippolytos_Hippolytus Hypatios Iakobos_Jacob Ignatios_Ignatius Innokentios_Innocent Ioannes_John Ioannikios Iordanes_Jordan Ioseph_Joseph Isaakios_Isaac Isaias_Isaiah Isidoros_Isidoros Ioulianos_Julian Ioustinianos_Justinian Ioustinos_Justin Kaisarios_Caesar
			Kallinikos Kallistos_Callistus Komitas Konstantinos_Constantine Konstantios_Constantius Konstas_Constans Kosmas_Cosmas Kyriakos_Cyriacus Kyrillos_Cyril Kyros Laurentios_Laurence Lazaros_Lazarus Leon_Leo Leontios_Leontius Loukas_Luke Makarios Manuel Markos_Marcus
			Matthaios_Matthew Maurikios_Maurice Maximos_Maximus Megistos_Magnus Meletios Methodios Michael_Michael Narses Neophytos Nikephoros_Nikephoros Niketas Nikodemos Nikolaos_Nicholas Niphon Orestes Pamphilios Pankratios_Pancras Pantoleon Paschalis_Pascal
			Pavlos_Paul Pelagios_Pelagius Petros_Peter Philaretos Philippos_Philip Philotheos Phokas Photios Polykarpos Porphyrios Prokopios_Procopius Pyrros Raphail_Raphael Romanos_Roman Sabas Samuel_Samuel Serapion_Seraphin Sebastianos_Sebastian Sergios_Sergius Stephanos_Stephen
			Staurakios Symeon_Simon Symmachos_Symmachus Theocharistos Theodoros_Theodore Theodosios_Theodosios Theodotos_Theodat Theodoulos Theoktistos Theophanes Theophilos Theophylaktos Thomas_Thomas Tiberios_Tiberius Traianos_Trajan
			Timotheos_Timothy Tryphon Valerios_Valerius Zacharias_Zachary Zenobios Zenon
			Aemilianus Aemilius Aetius Albinus Alexander_Alexander Anastasius_Anastasius Anicius Annius Antoninus Antonius_Antonius Arcadius Aurelianus Aurelius
			Avitus Belisarius_Belisarius Britannicus Caecilius Caesar_Caesar Carinus Carus Cassius Claudius_Claudius Clementius Constans_Constans Constantinus_Constantine
			Constantius_Constantius Cornelius_Cornelius Crassus Decimus Decius Diocletianus Domitianus Domitius Drusus Ennodius Fabianus Fabius Faustus Felix Flavianus Florianus
			Gaius Galerius Gallienus Gallus Germanus_Germanus Gordianus Gracchus Gratianus Hadrianus_Adrian Herculius_Heracles Honorius Joannes_John Jovianus
			Julianus_Julian Julius_Julius Julius-Caesar Junius Justinus_Justin Justinianus_Justinian Leo_Leo Leontius_Leontius Liberius Licinius Lucius Magnus_Magnus Marcellinus
			Marcellus Marcianus Marcus_Marcus Marinus Marius Martinus Maximianus Maximinus Maximus_Maximus Nepotianus Nerva Numerianus Octavianus Octavius Otho
			Paulinus Paulus_Paul Petronius Philippus_Philip Pompeius Pontianus Priscus Probus Publius Quintus Romanus_Roman Romulus Rufinus Rutilius Sabinianus
			Saturninus Sempronius Septimius Sergius_Sergius Severinus Severus Sextus Symmachus_Symmachus Tacitus Theodosius_Theodosios Tiberius_Tiberius
			Titius Titus Trajanus_Trajan Urbanus_Urban Valens Valentinianus Valerianus Valerius_Valerius Venantius Vespasianus Victor Victorinus Vigilius Vitalianus Volusianus
		    }
		female_names = {
			Ana_Anna Anna_Anna Antolina_Antonia Anussa Babalio Bodacia Catarena_Catherine Caterina_Catherine Clara_Clara Drase Dea Descia Deia Deussa Elena_Helene Giva
			Jachussa Jacobica Jelussa Laurica Lene_Helene
			Magdalena_Magdalena Margerita_Margaret Maria_Maria Mauressa Micha Mira Nicoletta Nixa
			Rade Rado Regina_Regina Rossa_Rosa Schimosa Thome Vele
			Adriane_Adriana Agathe_Agatha Agne_Agnes Aikaterine_Catherine Alexandra_Alexandra Alexeia_Alexia Anastasia_Anastasia Anna_Anna Anthe Anthousa Antipatra Antonia_Antonia Apollonia Athanasia Barbara_Barbara Basillike
			Chrysogone Damiane Demetra Dionysia Dorothea_Dorothy Aigidia Eirene_Irene Elaiodora Epiphania Eudokia_Eudocia Eudoxia_Eudocia Eugenia_Eugenia Eulalia Eunike Euphemia_Euphemia Euphrasia Euphrosyne_Euphrosyne
			Eupraxia Eusebia Eustathia Evanthia Gabrielia Garyphallia Georgia_Georgia Gregoria Helene_Helen Hypatia Ioanna_Joan Ioulia_Julia Iouliana_Juliana Ioustina_Justina Kale Konstantia_Constantia Konstantine_Constantina Kyra Kyriake_Kyriake
			Leontia Margarita_Margaret Maria_Maria Markia_Marcia Martha_Martha Melissa_Melisende Nikarete Nikoletta Nonna Parthena Pavlina_Paulina Pelagia Petronia_Petronia Philippa_Philippa Phyllis Pulcheria_Pulcheria Rhodanthe Romane Romylia Sergia_Sergia Sibylla_Sibylla
			Simonis Sophia_Sophia Stephania_Stephania Thekla Theochariste Theodora_Theodora Theodosia_Theodosia Theognosia Theoktiste Theophano Thomais Valeria_Valeria Viviana_Viviana Xene Zenobia Zoe
			Aelia Agrippina Antonia_Antonia Antonina Aquilia Aurelia_Aurelia Caecilia Caesaris Candida Cassia Claudia_Claudia Clementia Constantia_Constantia
			Constantina_Constantina Cornelia Crispina Dominica Domitiana Domna Domnina Drusilla Fausta Faustina Flacilla Flavia Fortunata Frontina Gaia Galeria
			Gordiana Hadriana_Adriana Helvia Hilara Honoria Hortensia Julia_Julia Juliana_Juliana Junia Justa Justina_Justina Justiniana Licinia Livia Livilla Lucilla
			Magnia Magnilla Marcella Marcia_Marcia Marciana Marina_Marine Martina_Martina Matrona Maxima Maximiana Messalina Minervina Minucia Modia Mustela
			Octavia Palatina Paula_Paula Paulina_Paulina Petronella_Petronilla Petronia_Petronia Placidia Plautia Plautilla Pompeia Poppaea Praeiecta Publia Pulcheria_Pulcheria
			Rusticiana Sabina Sallustia Salonina Salvianella Scantilla Serena Sergia Severa Severina Silvia_Silvia Spadusa Sulpicia Tarsilla Titiana Ulpia Valeria_Valeria
			Verina Victoria Vigilantia Viviana_Viviana
			}
		
		parent = greek
		baron_titles_hidden = yes
		count_titles_hidden = yes
		from_dynasty_prefix = "di "
		disinherit_from_blinding = yes
	}
	
	african_romance = {
		graphical_cultures = { outremergfx arabicgfx muslimgfx }
		
		color = { 0.9 0.04 0.04 }     
		
		male_names = {
			Abdemelgar_Abdmelqart Adrianu_Adrian Albinu_Albinus Albu_Albus Alescandru_Alexander Abbrosiu_Ambrose Andrea_Andrew Antala_Antalas Antzioccu_Antiochos Antoninu_Antoninus Apullu_Apuleius Ermanu_Herman Arsogu_Arzoccu Atanarigu_Athanaric
			Ugustinu_Augustine Urellu_Aurelius Bargetu_Baraket Bartolomeu_Bartholomew Barumini_Barumini Basillu_Basil Bassu_Bassu Benedittu_Benedict Biccentziu_Vincent Bimmelgar_Binmelqart Capussa_Capussa Cargasanu_Carcasan Cegillu_Caecilius Cilestinu_Celestine
			Cipari_Cipare Ciprianu_Kyprianos Cremen_Clemens Crementziu_Clement Comita_Comita Corona_Corona Cosma_Cosmas Costantinu_Constantine Cusila_Cusaila Cutzina_Cutzinas Daniel_Daniel Diodoru_Diodorus Dominigu_Dominic Dominu_Dominus Donatu_Donatus
			Egidziu_Aegidius Imiliu_Aemilius Ebisu_Evisus Fabriciu_Fabricius Fagundu_Facundus Feligz_Felix Firmu_Firmus Froru_Florus Gelasiu_Gelasius Garmelu_Garmul Casparru_Caspar Gabinu_Gabinus Gabrielu_Gabriel Cetanu_Gaietànu Gelimeru_Gelimer
			Gesserigu_Genseric Gitimelu_Gitimelu Gratzianu_Gratianus Gregoriu_Gregory Guenfanu_Guenfan Guntrigu_Guntharic Gundamundu_Gunthamund Egrillu_Egrilius Idderigu_Hilderic Ugu_Hugh Unerigu_Huneric Igideru_Igider Innatziu_Ignatius Lurentziu_Laurence
			Luga_Lucas Lugiu_Lucius Margu_Mark Margellu_Marcellus Mariu_Marius Marianu_Marius Mascuinu_Masguinu Massuna_Masuna Muru_Maurus Mascimillanu_Maximilian Matteu_Matthew Mazigu_Mazigh Merguriu_Mercurius Metasca_Metaxas Miccelu_Michael Migali_Migali
			Mugedi_Mugedi Martinu_Martin Nigola_Nicholas Nubelu_Nubel Pascalu_Pascal Pulu_Paul Peregrinu_Peregrinus Petru_Peter Pirillu_Pirillu Pontziu_Pontzu Porgellu_Porcellu Pretu_Pretu Pupa_Pupa Rafael_Raphael Solomon_Solomon Salvator_Salvator
			Samaritanu_Samaritanus Samuel_Samuel Saraginu_Saraginu Saturnu_Saturnus Suina_Sauinas Serafinu_Seraph Sergiu_Sergius Sigerigu_Sigeric Simon_Simon Sisinniu_Sisinnius Stefanu_Stephen Teodorigu_Theodoric Teodoru_Theodore Teofanu_Theophanos Tobia_Tobias
			Tolemeu_Ptolemaios Toma_Thomas Tomassu_Thomas Trassamundu_Thrasamund Uriegu_Urieke Ursu_Ursus Bibianu_Vivianu Bocciu_Boccius Bonifagiu_Boniface Bonnannaro_Bonnannaro Giagobu_Jacob Giago_James Giaroa_Yaroah Gierominu_Jerome Giohanne_John
			Giosefu_Joseph Giuba_Yuba Giullanu_Julian Giullu_Julius Giustinu_Justin Giustu_Justus Etziu_Aetius Alarigu_Alaric Anastasiu_Anastasius Anigiu_Anicius Anniu_Annius Argadiu_Arcadius Belisariu_Belisarius Crudiu_Claudius Cornellu_Cornelius Crassu_Crassus
			Diocretzianu_Diocletianus Drusu_Drusus Urigu_Euric Fustu_Faustus Frugianu_Flavianus Friderigu_Frederick Galeriu_Galerius Gisaligu_Gisalic Gundemar_Gundemar Ercullu_Heracles Idderidu_Hilderith Unuilla_Hunawilja Isarnu_Eisarn Giudila_Iudila
			Giustinianu_Justinian Leontziu_Leontius Mannu_Magnus Mascimu_Maximus Ottuianu_Octavianus Odulfu_Oduulf Obidu_Ovida Bobbiu_Pompeius Cintu_Quintus Regaredu_Recared Roderigu_Roderick Romanu_Roman Romulu_Romulus Rufinu_Rufinus Rutillu_Rutilius
			Segerigu_Segeric Suintila_Suinthila Simmaccu_Symmachus Tagitu_Tacitus Torimundu_Thorismund Tiberiu_Tiberius Totila_Totila Tragianu_Trajan Bandalariu_Vandalarius Bittor_Victor Balla_Walja
		}
		female_names = {
			Abdanita_Abdtanit Adalasia_Adalasia Adela_Adela Alaberta_Alaberta Albina_Albina Amatasta_Amatashtart Amira_Amira
			Amirasia_Amirasoia Angeliga_Angelica Anna_Anna Antonia_Antonia Astarte_Athtart Udofreda_Audofleda Udobera_Audovera Ugusta_Augusta Ugustina_Augustina Balatta_Baalat Basilla_Basilia Batnoma_Batnoam Beatrigz_Beatrice Beneditta_Benedicta
			Beretruda_Beretrude Bitnima_Bitnima Bitoria_Bitoria Brunidda_Brunhilda Cederina_Cederina Cassia_Cassia Cristina_Christina Cosima_Cosima Damia_Dihya Diana_Diana Dihia_Dihya Domina_Domina Elena_Helen Ellanora_Eleanor Elisabetta_Elizabeth Elissa_Elissa
			Eba_Eva Fusta_Fausta Feligula_Felicula Fredegunda_Fredegunda Gabriella_Gabriella Georgia_Georgia Gratzia_Gratzia Guisiana_Guisiana Anna_Hannah Imastarte_Imashtart Ingitruda_Ingitrude Ippolita_Hippolyta Isabella_Isabella Lamia_Lamia Lugia_Lucia
			Luscuria_Luxuria Magdalena_Magdalena Marga_Marca Margareta_Margaret Maria_Maria Mariane_Mariane Marisa_Marisa Melissa_Melissa Moniga_Monica Natalia_Natalie Nigita_Nicita Nibatora_Nivatora Olippia_Olympia Padulesa_Padulesa Pula_Paula
			Peregrina_Peregrina Petra_Petra Petrenella_Petrenella Pretziosa_Pretiosa Pupa_Pupa Rosa_Rosa Roscana_Roxana Sara_Sarah Sardinia_Sardinia Sidonia_Sidonia Sofia_Sophia Stefania_Stephania Susanna_Susan Tabitta_Tabitha Teodora_Theodora Baleria_Valeria
			Bera_Vera Bibiana_Viviana Buddetrada_Vuldretrada Gioanna_Joan Giulla_Julia Zura_Zura  Adosinda_Adosinda Ella_Aelia Annitruda_Agnitruedia Agrippina_Agrippina Amalberga_Amalaberga Acilla_Aquilia Astragundia_Astragundia Urella_Aurelia Candida_Candida
			Cenosinda_Cenosinda Crudia_Claudia Costantia_Constantia Cornella_Cornelia Crispina_Crispina Drusilla_Drusilla Ermesinda_Ermesinda Fragilla_Flacilla Fortunata_Fortunata Fredenanda_Fredenanda Galeria_Galeria Gisclura_Gisclauara Gordiana_Gordiana
			Gomesinda_Gomesinda Gurea_Guraya Adriana_Adriana Onoria_Honoria Onosinda_Honosinda Ortessia_Hortensia Liginia_Licinia Libia_Livia Margunda_Markunda Matrona_Matrona Messalina_Messalina Palatina_Palatina Pragidia_Placidia Prutilla_Plautilla
			Poppea_Poppaea Purcceria_Pulcheria Ragesenda_Ragesenda Rate_Rate Regiberga_Reciberga Rustigiana_Rusticiana Sirbia_Silvia Siseguntia_Siseguntia Tadefia_Tadêfi Tagieditta_Tajeddigt Tueginta_Taweckint Tia_Thiyya Titziana_Titiana Bittoria_Victoria
			Bistrila_Uistrilo
		}
		
		# Chance of male children being named after their paternal or maternal grandfather, or their father. Sum must not exceed 100.
		pat_grf_name_chance = 30
		mat_grf_name_chance = 10
		father_name_chance = 25
		
		# Chance of female children being named after their paternal or maternal grandmother, or their mother. Sum must not exceed 100.
		pat_grm_name_chance = 20
		mat_grm_name_chance = 40
		mother_name_chance = 5
		
		founder_named_dynasties = yes
		
		modifier = default_culture_modifier
    }	
}

iranian = {
	pontic = {
		graphical_cultures = { persiangfx byzantinegfx easterngfx }
		unit_graphical_cultures = { byzantinegfx persiangfx easterngfx }
		
		color = { 0.3 0.8 0.8 }
		used_for_random = no
		
		male_names = {
			Adrianos_Adrian Akakios_Acacius Alexandros_Alexander Alexios_Alexis Anastasios_Anastasius Anatolios Andreas_Andrew Andronikos_Andronicus Anthemios Anthimos Antiochos Antonios_Antonius Apollonios Arsenios Artemios Athanasios_Athanasius Bardas
			Bartholomaios_Bartolomeus Basileios_Basil Belisarios_Belisarius Boethios Bosporios Christophoros_Christopher Chrysanthos Chrysogonos Damianos_Damian Daniel_Daniel David_David Demetrios_Demetrius Diogenes Dionysios_Dionysus Dorotheos Eirenaios Eudoxios Eustratios
			Eugenios_Eugene Euphemios Eusebios_Eusebius Eustathios_Eustace Evangelos Gabriel_Gabriel Gennadios_Gennadius Georgios_George Gerasimos Germanos_Germanus Gregoras_Gregory Gregorios_Gregory Hektorios_Hector Helias_Elijah Herakleios_Heracles Hierotheos Himerios
			Hippolytos_Hippolytus Hypatios Iakobos_Jacob Ignatios_Ignatius Innokentios_Innocent Ioannes_John Ioannikios Iordanes_Jordan Ioseph_Joseph Isaakios_Isaac Isaias_Isaiah Isidoros_Isidoros Ioulianos_Julian Ioustinianos_Justinian Ioustinos_Justin Kaisarios_Caesar
			Kallinikos Kallistos_Callistus Komitas Konstantinos_Constantine Konstantios_Constantius Konstas_Constans Kosmas_Cosmas Kyriakos_Cyriacus Kyrillos_Cyril Kyros Laurentios_Laurence Lazaros_Lazarus Leon_Leo Leontios_Leontius Loukas_Luke Makarios Manuel Markos_Marcus
			Matthaios_Matthew Maurikios_Maurice Maximos_Maximus Megistos_Magnus Meletios Methodios Michael_Michael Narses Neophytos Nikephoros_Nikephoros Niketas Nikodemos Nikolaos_Nicholas Niphon Orestes Pamphilios Pankratios_Pancras Pantoleon Paschalis_Pascal
			Pavlos_Paul Pelagios_Pelagius Petros_Peter Philaretos Philippos_Philip Philotheos Phokas Photios Polykarpos Porphyrios Prokopios_Procopius Pyrros Raphail_Raphael Romanos_Roman Sabas Samuel_Samuel Serapion_Seraphin Sebastianos_Sebastian Sergios_Sergius Stephanos_Stephen
			Staurakios Symeon_Simon Symmachos_Symmachus Theocharistos Theodoros_Theodore Theodosios_Theodosios Theodotos_Theodat Theodoulos Theoktistos Theophanes Theophilos Theophylaktos Thomas_Thomas Tiberios_Tiberius Traianos_Trajan
			Timotheos_Timothy Tryphon Valerios_Valerius Zacharias_Zachary Zenobios Zenon
		}
		female_names = {
			Adriane_Adriana Agathe_Agatha Agne_Agnes Aikaterine_Catherine Alexandra_Alexandra Alexeia_Alexia Anastasia_Anastasia Anna_Anna Anthe Anthousa Antipatra Antonia_Antonia Apollonia Athanasia Barbara_Barbara Basillike
			Chrysogone Damiane Demetra Dionysia Dorothea_Dorothy Aigidia Eirene_Irene Elaiodora Epiphania Eudokia_Eudocia Eudoxia_Eudocia Eugenia_Eugenia Eulalia Eunike Euphemia_Euphemia Euphrasia Euphrosyne_Euphrosyne
			Eupraxia Eusebia Eustathia Evanthia Gabrielia Garyphallia Georgia_Georgia Gregoria Helene_Helen Hypatia Ioanna_Joan Ioulia_Julia Iouliana_Juliana Ioustina_Justina Kale Konstantia_Constantia Konstantine_Constantina Kyra Kyriake_Kyriake
			Leontia Margarita_Margaret Maria_Maria Markia_Marcia Martha_Martha Melissa_Melisende Nikarete Nikoletta Nonna Parthena Pavlina_Paulina Pelagia Petronia_Petronia Philippa_Philippa Phyllis Pulcheria_Pulcheria Rhodanthe Romane Romylia Sergia_Sergia Sibylla_Sibylla
			Simonis Sophia_Sophia Stephania_Stephania Thekla Theochariste Theodora_Theodora Theodosia_Theodosia Theognosia Theoktiste Theophano Thomais Valeria_Valeria Viviana_Viviana Xene Zenobia Zoe
		}
		
		parent = greek
		parent = persian
		dynasty_title_names = yes
		baron_titles_hidden = yes
		count_titles_hidden = yes
		disinherit_from_blinding = yes
	}
}